10687|bio-bibliografické poznámky|$$abio-bibliografické poznámky|655 4
6052|biograficko-bibliografické poznámky OPRAVA UCL|$$abio-bibliografické poznámky|655 4
342|biograficko-bibliografické poznámky|$$abio-bibliografické poznámky|655 4
3054|biografické poznámky OPRAVA UCL|$$abiografické poznámky|655 4
4099|doslovy OPRAVA UCL|$$adoslovy|655 4
1505|ediční poznámky OPRAVA UCL|$$aediční poznámky|655 4
5310|poznámky k vydání OPRAVA UCL|$$apoznámky|655 4
1435|úvody OPRAVA UCL|$$aúvody|655 4
5269|rozbory díla|$$aanalýzy$$7fd187835|655 7
288|literárněvědné rozbory|$$aanalýzy$$7fd187835|655 7
23|proslovy|$$aprojevy$$7fd133137|655 7
33|ukázky|$$aúryvky$$7fd187851|655 7
2675|biografické poznámky||
1986|doslovy||
796|ediční poznámky||
396|publikace OPRAVA UCL||
287|úvody||
258|poznámky k vydání ||
234|bibliografické poznámky||
79|slovníková hesla||
61|dějiny OPRAVA UCL||
54|publikace||
53|prvotiny||
44|upoutávky||
26|vysvětlivky||
24|poděkování||
22|ediční komentáře||
