Ajvaz, Michal#jn19990000066
Antošová, Svatava#jn19990201008
Bajaja, Antonín#jk01010566
Bellová, Bianca#xx0087781
Borkovec, Petr#jn19990218007
Boučková, Tereza#jn19990209069
Brabcová, Zuzana#jn19990209070
Brikcius, Eugen#jn19990218008
Čech, Pavel#jn20010309243
Cílek, Václav#jo20000080776
Denemarková, Radka#xx0002871
Děžinský, Milan#jn19990216044
Doležal, Miloš#jn19990218015
Dousková, Irena#jn19990216043
Drábek, David#xx0001586
Dutka, Edgar#jk01023445
Dynka, Jiří#jn19990218021
Exner, Milan#jn20000400644
Fischerová, Sylva#jn19981001161
Fridrich, Radek#jn99240000215
Fučíková, Renáta#jn20001005412
Göbl, Pavel#js20051226015
Grus, Jiří#mzk2005289872
Hájíček, Jiří#jn20000401144
Hakl, Emil#jn20000400849
Hauserová, Eva#jk01040194
Hodrová, Daniela#jk01041474
Hruška, Petr#jn19990209272
Hůlová, Petra#jo2002111362
Jamek, Václav#jk01050721
Kahuda, Václav#jn19990209335
Kaprál, Zeno#jk01052926
Katalpa, Jakuba#xx0056509
Klíma, Ivan#jk01060513
Kohout, Pavel#jk01061137
Kolečko, Petr#jo2004259858
Kolmačka, Pavel#jn19990209373
Komárek, Stanislav#jn19990209376
Körner, Vladimír#jk01061843
Kovanda, Jaroslav#jk01062422
Král, Petr#jk01062798
Kratochvil, Jiří#jn19990209413
Krchovský, Jiří H.#jn19990218056
Kroutvor, Josef#jn99240000542
Lagronová, Lenka#xx0001601
Langer, Martin#jn19990010091
Lomová, Lucie#xx0026705
Ludva, Roman#jn19990216115
Malijevský, Igor#jo2002105982
Malý, Radek#xx0000314
Martínek, Lubomír#jn99240000687
Marvan, Lukáš#jn99240000688
Mašek, Vojtěch#mzk2004261391
Matoušek, Ivan#jn19981001825
Míková, Marka#ola2002158889
Mornštajnová, Alena#ola2007364886
Němec, Jan#xx0029257
Němec, Ludvík#jk01083091
Nikl, Petr#jn99240000770
Novák, Jan#jn19990209593
Ouředník, Patrik#jn99240000828
Payne, Petr Pazdera#jn99240000853
Pekárková, Iva#jn19990218083
Pelc, Jan#jn99240000862
Pilátová, Markéta#js20051031017
Pížl, Jaroslav#jn19992014447
Placák, Petr#jn99240000880
Platzová, Magdaléna#mzk2003169595
Procházková, Iva#jn19990209690
Procházková, Petra#xx0137908
Putna, Martin C.#jn19990009959
Ráž, Roman#jk01102144
Řehák, Jakub#js20060512016
Reiner, Martin#jn19981002077
Richterová, Sylvie#jn19990209718
Rudčenková, Kateřina#jn20000402142
Rudiš, Jaroslav#xx0004127
Ryšavý, Martin#jn20011018830
Šabach, Petr#jn19990201046
Šanda, Michal#jn19981228122
Shock, Viki#jn19992001075
Sidon, Karol Efraim#jk01111263
Sikora, Roman#js20020122046
Šiktanc, Karel#jk01122896
Šindelka, Marek#xx0037321
Sís, Petr#jn19981002185
Soukupová, Petra#xx0067507
Šrámková, Jana#jo2008416241
Šrut, Pavel#jk01131041
Stančík, Petr#jo2008411895
Steigerwald, Karel#jk01121041
Suchý, Jiří#jk01121734
Švanda, Pavel#jk01131826
Toman, Marek#js20020204004
Topol, Jáchym#jn19990209928
Třešňák, Vlastimil#jk01140286
Trojak, Bogdan#jn19990008612
Trojan, Bohuslav#ola200200926
Tučková, Kateřina#mzk2006348534
Typlt, Jaromír#jn99240001210
Urban, Miloš#jn99240001220
Vaculík, Ludvík#jk01141068
Vaněk-Úvalský, Bohuslav#jn99240001242
Viewegh, Michal#jn19990010021
Vokolek, Václav#jn19981002344
Vopěnka, Martin#jn99240001382
Wagnerová, Magdalena#jo20010086344
Wernisch, Ivan#jk01151615
Zábranský, David#pag2006371412
Zajíček, Pavel#jn99240001496
Žamboch, Miroslav#xx0000241
Zelenka, Petr#jn99240001555
Zmeškal, Tomáš#xx0084376
Zonová, Anna#jo2001100269
